user_id,series_id,interaction_type,rating,completion_pct,timestamp
U1,66732,watch,4.9,90,2024-06-18
U1,1405,watch,3.0,26,2024-05-29
U1,225171,watch,2.5,27,2024-01-27
U1,200875,watch,4.4,69,2024-07-25
U1,210318,watch,4.5,66,2024-07-19
U1,240459,watch,3.3,29,2024-07-28
U1,34307,watch,3.7,28,2024-08-15
U1,1434,like,4.4,98,2024-08-22
U1,2734,like,4.8,82,2024-10-04
U1,549,watch,3.2,76,2024-04-29
U1,1622,like,4.3,87,2024-10-15
U1,114868,watch,3.9,75,2024-07-04
U1,279601,watch,3.9,74,2024-08-21
U1,1408,watch,4.1,42,2024-05-06
U1,1416,watch,3.7,76,2024-03-24
U1,1396,watch,3.4,32,2024-06-01
U1,79744,watch,3.7,31,2024-01-03
U1,456,watch,3.9,37,2024-04-24
U2,549,watch,3.2,70,2024-03-17
U2,200875,watch,4.3,49,2024-10-07
U2,1396,watch,2.6,76,2024-02-24
U2,114868,watch,3.3,28,2024-02-24
U2,1405,like,4.7,84,2024-06-20
U2,279601,watch,3.4,28,2024-06-25
U2,34307,watch,4.4,96,2024-03-13
U2,1408,watch,4.4,35,2024-10-18
U2,1416,like,4.9,81,2024-01-11
U2,1434,watch,4.3,62,2024-06-05
U2,1622,watch,4.9,26,2024-06-28
U2,4614,watch,4.2,85,2024-04-01
U2,79744,watch,3.3,36,2024-06-19
U2,66732,watch,4.2,43,2024-07-09
U2,240459,watch,4.0,53,2024-08-26
U2,2734,watch,4.7,54,2024-04-12
U3,1622,watch,4.8,99,2024-01-04
U3,4614,watch,3.8,51,2024-03-25
U3,1405,like,4.4,94,2024-05-28
U3,549,watch,3.1,21,2024-09-17
U3,1434,watch,4.6,73,2024-06-11
U3,1399,watch,4.7,84,2024-03-24
U3,34307,watch,3.3,38,2024-09-15
U3,200875,watch,3.4,39,2024-08-20
U3,1416,watch,4.8,74,2024-07-25
U3,279601,watch,4.7,76,2024-02-22
U3,79744,like,4.7,98,2024-01-25
U3,1408,watch,4.9,78,2024-10-18
U3,114868,watch,3.7,54,2024-03-11
U3,225171,watch,4.7,24,2024-07-07
U4,1405,watch,2.8,69,2024-04-21
U4,114868,like,4.5,95,2024-04-24
U4,549,watch,3.7,48,2024-02-04
U4,279601,watch,4.0,21,2024-03-14
U4,2734,watch,4.0,44,2024-09-13
U4,1399,watch,3.0,37,2024-03-04
U4,1416,watch,4.9,27,2024-08-04
U4,1396,watch,4.9,42,2024-04-02
U4,66732,like,4.1,84,2024-01-21
U4,1408,watch,4.4,100,2024-07-24
U4,210318,watch,3.7,24,2024-06-10
U5,456,watch,3.6,75,2024-04-23
U5,225171,watch,3.1,23,2024-08-26
U5,66732,watch,4.4,85,2024-10-03
U5,34307,watch,4.9,68,2024-09-24
U5,1396,watch,4.8,56,2024-05-09
U5,1434,watch,2.7,37,2024-06-03
U5,279601,like,4.2,81,2024-08-07
U5,1416,watch,4.9,83,2024-08-18
U6,210318,watch,4.7,98,2024-02-09
U6,66732,watch,3.8,66,2024-07-27
U6,1399,watch,3.6,46,2024-06-22
U6,34307,watch,2.7,28,2024-10-02
U6,456,watch,3.4,34,2024-04-03
U6,1622,like,4.6,85,2024-04-07
U6,225171,watch,3.3,49,2024-07-24
U6,1408,watch,4.5,57,2024-07-19
U6,1396,watch,4.5,32,2024-01-19
U6,4614,watch,4.0,52,2024-04-13
U7,1396,watch,3.9,42,2024-10-05
U7,225171,watch,4.0,59,2024-07-27
U7,200875,watch,4.6,37,2024-05-11
U7,549,watch,4.6,92,2024-08-25
U7,210318,watch,4.1,24,2024-05-21
U7,114868,watch,4.5,45,2024-02-04
U7,456,watch,4.6,82,2024-10-12
U8,279601,watch,5.0,57,2024-06-08
U8,1405,watch,3.1,70,2024-07-15
U8,2734,watch,4.7,44,2024-02-15
U8,1399,like,4.6,84,2024-03-19
U8,1434,watch,3.6,55,2024-04-24
U8,200875,watch,3.2,46,2024-05-06
U8,549,watch,4.2,95,2024-02-23
U8,456,watch,4.9,58,2024-06-30
U8,240459,watch,4.3,45,2024-03-21
U8,225171,watch,5.0,26,2024-03-04
U8,1622,watch,4.9,84,2024-07-09
U8,4614,like,5.0,85,2024-10-06
U8,79744,watch,3.2,64,2024-06-08
U8,114868,watch,3.6,34,2024-03-04
U9,1416,watch,4.2,48,2024-09-09
U9,1399,watch,4.6,92,2024-08-19
U9,549,watch,3.2,40,2024-05-27
U9,210318,watch,3.1,50,2024-06-18
U9,1405,watch,4.2,23,2024-09-05
U9,66732,watch,2.6,27,2024-08-29
U9,114868,like,4.8,83,2024-02-18
U9,34307,watch,3.3,29,2024-05-29
U9,200875,watch,2.8,76,2024-08-19
U9,4614,watch,4.4,52,2024-07-18
U9,1434,watch,4.9,39,2024-08-03
U9,1622,watch,4.3,83,2024-01-05
U9,456,watch,2.7,34,2024-01-20
U9,1408,watch,4.5,51,2024-05-25
U10,114868,like,4.7,92,2024-09-25
U10,549,watch,4.3,94,2024-10-11
U10,4614,watch,2.8,66,2024-09-14
U10,279601,watch,3.1,31,2024-05-24
U10,1434,watch,2.8,26,2024-08-26
U10,240459,like,5.0,90,2024-04-25
U10,1405,watch,3.4,23,2024-07-30
U10,66732,watch,3.7,49,2024-06-12
U11,549,like,4.8,90,2024-07-31
U11,1416,watch,3.3,36,2024-03-09
U11,4614,watch,3.7,63,2024-06-03
U11,2734,watch,2.9,50,2024-09-11
U11,1408,like,4.3,90,2024-06-15
U11,34307,watch,3.6,73,2024-05-11
U11,200875,watch,4.7,79,2024-08-03
U11,114868,like,4.4,98,2024-05-28
U11,66732,like,4.1,84,2024-09-30
U11,1434,watch,3.1,75,2024-05-17
U11,210318,watch,4.9,53,2024-03-20
U11,79744,watch,4.5,100,2024-02-04
U11,1405,watch,3.4,47,2024-07-27
U11,240459,watch,3.5,23,2024-08-09
U12,456,watch,3.3,31,2024-10-08
U12,1408,watch,4.7,48,2024-06-01
U12,549,watch,4.3,96,2024-02-20
U12,1434,watch,2.8,47,2024-09-09
U12,114868,watch,4.1,100,2024-10-14
U12,79744,watch,3.5,71,2024-07-22
U12,1622,watch,4.0,28,2024-05-31
U12,210318,watch,4.3,28,2024-07-06
U12,4614,like,4.8,85,2024-02-24
U12,1396,watch,4.2,54,2024-02-09
U12,200875,like,4.2,86,2024-01-29
U13,1416,watch,4.4,79,2024-01-08
U13,79744,watch,4.4,88,2024-03-06
U13,114868,watch,3.7,75,2024-05-19
U13,240459,like,4.7,93,2024-04-01
U13,34307,watch,4.3,68,2024-04-18
U13,1396,watch,4.0,87,2024-08-14
U13,1622,watch,2.7,68,2024-03-26
U13,1434,watch,4.2,62,2024-04-21
U14,1622,watch,2.7,45,2024-03-28
U14,1416,like,4.5,85,2024-06-16
U14,549,watch,3.3,42,2024-04-17
U14,1408,like,4.8,87,2024-07-24
U14,1396,watch,3.5,68,2024-05-23
U14,66732,like,4.5,81,2024-08-11
U14,279601,watch,3.3,33,2024-03-31
U14,4614,like,4.3,96,2024-08-26
U14,210318,watch,3.5,40,2024-07-20
U14,200875,like,4.3,87,2024-02-04
U14,1399,watch,4.6,50,2024-01-11
U14,1405,watch,4.7,50,2024-05-09
U14,34307,watch,3.5,71,2024-02-01
U14,79744,watch,3.0,57,2024-02-25
U14,240459,watch,4.3,88,2024-10-19
U14,114868,watch,3.6,74,2024-03-31
U14,456,watch,2.6,56,2024-05-22
U15,66732,like,4.5,99,2024-09-11
U15,34307,watch,3.3,25,2024-06-07
U15,1399,watch,4.1,34,2024-02-19
U15,1405,watch,4.8,67,2024-02-16
U15,1396,watch,4.2,67,2024-08-12
U15,1434,watch,4.9,66,2024-04-10
U15,456,watch,4.3,51,2024-01-31
U15,279601,watch,3.8,55,2024-10-13
U15,1622,watch,4.3,46,2024-10-01
U16,240459,watch,4.8,95,2024-07-27
U16,210318,watch,4.2,90,2024-09-05
U16,34307,watch,4.0,82,2024-02-14
U16,200875,watch,4.5,26,2024-03-08
U16,66732,watch,4.0,46,2024-08-23
U16,1405,watch,2.9,56,2024-03-11
U16,1434,watch,4.8,35,2024-10-04
U16,1396,watch,3.8,31,2024-01-26
U16,456,watch,4.7,55,2024-05-10
U16,225171,watch,3.6,52,2024-07-22
U16,1399,watch,3.9,80,2024-08-08
U16,2734,watch,5.0,98,2024-06-30
U16,549,watch,4.1,85,2024-05-17
U16,1416,watch,3.2,56,2024-08-01
U17,114868,watch,4.5,74,2024-05-20
U17,1405,watch,3.5,58,2024-10-05
U17,225171,watch,5.0,26,2024-09-08
U17,1434,like,4.1,82,2024-04-06
U17,210318,watch,4.4,62,2024-01-14
U17,279601,watch,4.1,76,2024-04-15
U17,1622,like,4.9,89,2024-08-24
U17,1396,like,4.0,84,2024-02-05
U17,34307,watch,3.1,34,2024-05-22
U17,549,watch,2.8,47,2024-04-17
U17,2734,watch,3.3,55,2024-08-12
U17,240459,watch,3.3,50,2024-09-02
U17,456,watch,3.0,49,2024-02-27
U17,4614,watch,2.9,71,2024-05-09
U17,1408,watch,4.6,85,2024-08-05
U17,200875,like,4.2,81,2024-03-19
U17,66732,watch,4.0,50,2024-10-23
U17,1399,watch,4.3,89,2024-09-12
U17,1416,watch,4.6,26,2024-10-24
U17,79744,watch,4.6,96,2024-05-09
U18,1399,watch,2.6,70,2024-09-21
U18,66732,watch,4.3,29,2024-04-17
U18,114868,watch,4.4,34,2024-04-08
U18,1408,like,4.8,83,2024-09-14
U18,34307,watch,4.4,82,2024-02-11
U18,549,watch,4.3,71,2024-09-08
U18,225171,watch,3.7,68,2024-04-22
U18,200875,watch,4.1,29,2024-05-18
U18,240459,watch,4.8,91,2024-10-15
U18,1405,watch,3.7,22,2024-06-30
U18,279601,watch,3.1,56,2024-04-06
U18,1416,like,4.2,91,2024-06-22
U18,4614,watch,3.5,22,2024-05-08
U18,210318,watch,4.1,53,2024-01-31
U18,1622,watch,3.8,57,2024-01-12
U18,2734,like,4.5,85,2024-09-08
U18,79744,watch,3.1,74,2024-01-15
U18,1434,watch,4.0,44,2024-04-10
U18,1396,watch,4.5,25,2024-04-07
U18,456,watch,4.8,69,2024-02-09
U19,1399,watch,4.3,67,2024-04-08
U19,549,watch,4.3,59,2024-10-03
U19,210318,watch,3.3,25,2024-10-02
U19,1408,watch,4.7,95,2024-09-12
U19,1416,watch,4.1,54,2024-05-12
U19,1434,watch,2.6,61,2024-04-03
U19,279601,watch,4.2,73,2024-09-16
U19,200875,watch,3.5,40,2024-01-05
U19,240459,watch,4.1,61,2024-04-11
U19,66732,watch,4.2,88,2024-07-04
U19,34307,like,4.7,82,2024-01-04
U19,1405,watch,4.3,61,2024-03-11
U19,2734,watch,3.4,32,2024-06-29
U19,4614,watch,4.3,85,2024-02-04
U19,225171,watch,4.5,28,2024-06-03
U19,1396,like,4.3,88,2024-10-12
U19,456,watch,2.7,70,2024-08-09
U19,79744,watch,2.9,57,2024-08-27
U19,114868,watch,4.6,56,2024-08-28
U19,1622,like,4.4,94,2024-05-25
U20,240459,watch,4.6,100,2024-09-28
U20,1396,watch,2.8,75,2024-08-16
U20,456,watch,4.7,35,2024-08-02
U20,114868,watch,3.7,35,2024-02-15
U20,549,watch,3.4,26,2024-08-24
U21,1399,watch,2.8,27,2024-09-20
U21,2734,watch,3.7,55,2024-01-09
U21,4614,watch,4.7,68,2024-02-04
U21,114868,watch,4.6,20,2024-06-16
U21,240459,watch,4.9,20,2024-08-16
U21,279601,watch,4.0,34,2024-05-09
U21,549,watch,4.1,44,2024-10-11
U21,79744,watch,2.6,51,2024-09-06
U21,1408,watch,3.6,65,2024-08-05
U21,1434,watch,3.2,26,2024-08-03
U21,210318,watch,3.5,35,2024-04-07
U21,225171,watch,4.3,100,2024-04-27
U22,66732,watch,4.3,29,2024-02-01
U22,279601,watch,3.0,40,2024-06-30
U22,1416,watch,4.5,73,2024-05-19
U22,1399,watch,2.6,57,2024-08-25
U22,114868,watch,2.8,42,2024-04-23
U22,34307,watch,2.9,36,2024-05-01
U22,225171,watch,4.1,78,2024-01-22
U22,1408,watch,4.8,28,2024-04-29
U22,549,watch,2.9,51,2024-09-15
U22,240459,watch,4.7,39,2024-03-20
U22,4614,watch,3.6,41,2024-07-19
U22,1434,like,4.7,98,2024-10-18
U22,1405,like,4.5,89,2024-02-22
U22,2734,watch,4.8,41,2024-01-25
U22,200875,watch,3.7,27,2024-08-11
U22,1396,watch,4.0,36,2024-06-12
U22,210318,watch,4.6,67,2024-07-08
U22,1622,watch,2.7,77,2024-06-25
U22,456,watch,4.8,64,2024-02-26
U23,2734,watch,4.8,97,2024-03-19
U23,4614,watch,4.5,98,2024-01-23
U23,240459,watch,4.6,62,2024-08-14
U23,1399,watch,4.2,73,2024-07-23
U23,34307,watch,3.5,62,2024-05-28
U23,210318,watch,4.2,78,2024-09-01
U24,1434,watch,3.2,29,2024-01-12
U24,456,like,4.9,85,2024-04-04
U24,4614,watch,3.1,62,2024-05-11
U24,2734,watch,2.7,29,2024-03-08
U24,1408,watch,4.6,75,2024-03-11
U24,225171,watch,3.2,61,2024-05-01
U25,1408,watch,3.9,26,2024-01-24
U25,279601,watch,4.1,63,2024-04-10
U25,210318,watch,4.6,89,2024-10-27
U25,34307,watch,4.0,50,2024-09-08
U25,1396,watch,4.3,49,2024-10-17
U25,200875,watch,3.2,56,2024-04-04
U25,1405,watch,4.5,27,2024-03-04
U25,549,watch,4.3,53,2024-04-13
U26,1622,like,4.6,83,2024-08-31
U26,225171,watch,3.5,49,2024-02-11
U26,240459,watch,4.3,91,2024-05-07
U26,1405,watch,4.4,80,2024-06-15
U26,2734,watch,2.5,79,2024-04-27
U26,1408,watch,4.6,29,2024-01-11
U26,279601,like,4.7,83,2024-07-20
U26,210318,watch,4.2,43,2024-10-12
U26,66732,watch,3.6,36,2024-09-08
U26,1399,watch,4.7,99,2024-09-14
U27,1434,watch,3.9,65,2024-02-24
U27,1408,watch,3.5,63,2024-05-25
U27,210318,watch,4.4,52,2024-03-04
U27,200875,watch,3.5,47,2024-06-06
U27,456,watch,4.6,63,2024-01-08
U27,225171,watch,3.1,42,2024-08-04
U27,1416,like,4.8,81,2024-08-29
U27,34307,watch,3.3,34,2024-09-19
U27,1399,watch,4.9,39,2024-08-18
U27,4614,watch,3.0,30,2024-01-23
U28,279601,watch,4.6,58,2024-03-05
U28,549,watch,4.8,94,2024-05-30
U28,1416,watch,4.4,39,2024-04-23
U28,240459,like,4.9,89,2024-01-31
U28,456,watch,4.0,31,2024-02-27
U28,1396,watch,4.8,73,2024-03-24
U28,34307,watch,2.6,29,2024-09-29
U28,79744,watch,2.5,48,2024-08-24
U28,4614,watch,2.9,33,2024-10-10
U28,2734,watch,3.9,74,2024-09-07
U28,66732,watch,3.1,77,2024-01-08
U29,1399,watch,4.8,70,2024-06-28
U29,210318,watch,4.2,32,2024-09-06
U29,34307,watch,4.7,36,2024-08-26
U29,4614,watch,4.7,67,2024-06-30
U29,66732,watch,3.4,49,2024-04-07
U30,1622,watch,3.2,52,2024-03-19
U30,1399,like,4.3,98,2024-07-29
U30,456,watch,3.1,46,2024-01-08
U30,225171,watch,4.2,47,2024-03-19
U30,114868,watch,2.9,45,2024-06-30
U31,1399,watch,4.2,76,2024-07-18
U31,210318,watch,3.8,78,2024-03-30
U31,456,watch,4.5,95,2024-05-18
U31,66732,watch,2.6,77,2024-10-12
U31,114868,watch,3.4,73,2024-02-20
U32,1622,watch,5.0,68,2024-05-06
U32,79744,watch,4.6,85,2024-09-12
U32,1416,watch,4.1,70,2024-01-28
U32,1408,watch,3.6,68,2024-06-08
U32,2734,watch,2.8,56,2024-07-12
U32,1396,watch,3.1,69,2024-02-05
U32,456,watch,4.7,71,2024-01-03
U32,1434,like,4.9,89,2024-08-31
U32,240459,watch,4.8,74,2024-02-23
U32,4614,watch,4.4,42,2024-04-30
U32,1405,watch,3.9,32,2024-05-01
U32,114868,watch,3.1,50,2024-09-05
U32,225171,like,4.9,86,2024-02-07
U33,2734,watch,4.2,70,2024-09-29
U33,279601,watch,2.6,28,2024-08-09
U33,1434,watch,3.3,70,2024-08-07
U33,4614,watch,4.7,70,2024-09-14
U33,549,watch,4.1,22,2024-07-27
U33,66732,watch,4.2,57,2024-04-16
U33,1405,watch,4.4,84,2024-10-09
U33,1399,watch,4.4,88,2024-10-10
U33,210318,watch,3.3,40,2024-04-14
U33,1396,like,4.4,84,2024-01-21
U34,240459,watch,4.2,65,2024-06-29
U34,279601,watch,4.0,86,2024-03-31
U34,456,like,4.2,94,2024-04-17
U34,4614,watch,4.4,24,2024-03-30
U34,210318,watch,2.8,74,2024-03-20
U34,1408,watch,3.2,76,2024-10-21
U34,1396,watch,4.6,99,2024-10-25
U34,200875,watch,2.7,47,2024-05-16
U35,456,like,4.4,95,2024-04-13
U35,66732,watch,2.8,65,2024-07-16
U35,1405,watch,4.0,64,2024-01-31
U35,114868,watch,4.3,87,2024-07-15
U35,240459,watch,4.1,90,2024-06-13
U35,549,watch,3.7,66,2024-01-15
U35,225171,watch,4.0,83,2024-06-04
U35,200875,like,4.1,91,2024-09-12
U35,79744,watch,4.3,25,2024-01-09
U35,2734,watch,2.6,76,2024-10-10
U35,34307,watch,2.5,31,2024-08-04
U35,210318,watch,3.0,60,2024-02-10
U35,4614,like,5.0,90,2024-10-17
U35,279601,watch,4.5,82,2024-06-13
U35,1416,watch,3.7,78,2024-09-07
U35,1396,watch,4.4,62,2024-01-04
U35,1408,watch,2.9,45,2024-01-14
U35,1434,like,4.9,91,2024-09-18
U35,1399,watch,3.5,22,2024-04-12
U36,114868,watch,2.7,79,2024-07-02
U36,1408,watch,3.8,74,2024-07-24
U36,66732,watch,2.9,39,2024-10-25
U36,549,watch,4.1,28,2024-09-29
U36,4614,watch,4.2,84,2024-03-02
U36,2734,watch,3.6,46,2024-07-19
U36,210318,watch,3.2,60,2024-08-12
U36,1434,watch,4.9,30,2024-01-10
U36,279601,watch,4.3,62,2024-05-25
U36,34307,watch,3.3,29,2024-09-28
U36,1399,watch,3.3,56,2024-10-16
U36,456,watch,4.0,94,2024-03-27
U36,1405,watch,3.2,72,2024-05-19
U36,1396,watch,4.9,64,2024-01-19
U36,1622,watch,2.6,21,2024-09-27
U36,225171,like,4.8,85,2024-07-11
U36,79744,watch,4.1,48,2024-04-08
U37,114868,watch,4.5,62,2024-08-14
U37,1399,watch,2.5,71,2024-01-31
U37,1405,like,4.4,98,2024-08-15
U37,200875,watch,4.2,69,2024-06-29
U37,279601,watch,3.2,76,2024-05-07
U38,225171,watch,4.1,76,2024-01-21
U38,34307,watch,2.6,53,2024-03-14
U38,200875,watch,3.3,76,2024-01-14
U38,240459,watch,3.9,55,2024-08-08
U38,1434,watch,4.5,53,2024-01-21
U38,279601,watch,4.8,80,2024-08-29
U38,79744,watch,3.0,38,2024-10-01
U38,2734,watch,3.9,36,2024-04-06
U38,210318,like,4.6,89,2024-03-27
U38,1399,watch,3.5,69,2024-03-26
U38,1622,watch,3.4,26,2024-07-02
U38,456,watch,4.5,24,2024-04-23
U38,1408,watch,2.8,38,2024-06-30
U38,1416,watch,3.7,57,2024-03-28
U38,549,watch,3.4,30,2024-04-18
U38,66732,watch,3.1,76,2024-08-28
U38,4614,watch,2.7,45,2024-03-12
U38,1405,watch,4.4,85,2024-08-27
U39,240459,watch,4.3,35,2024-02-14
U39,79744,watch,3.9,73,2024-06-08
U39,114868,watch,2.8,22,2024-03-21
U39,200875,like,4.6,85,2024-05-28
U39,1396,watch,4.5,52,2024-05-01
U39,1434,watch,4.0,79,2024-07-29
U39,1408,watch,4.2,24,2024-06-27
U39,1416,watch,4.6,31,2024-10-27
U39,4614,watch,3.6,70,2024-07-04
U39,66732,watch,3.8,49,2024-02-26
U39,1399,watch,4.1,51,2024-10-02
U39,2734,like,4.4,91,2024-02-18
U39,456,watch,3.9,30,2024-03-20
U39,549,watch,3.6,61,2024-08-19
U39,1622,watch,4.5,57,2024-06-07
U40,549,like,4.7,92,2024-07-04
U40,2734,watch,4.2,21,2024-10-16
U40,1622,watch,3.1,77,2024-02-27
U40,4614,watch,4.4,74,2024-01-19
U40,1408,watch,4.6,65,2024-01-22
U40,1434,like,4.2,90,2024-08-08
U40,210318,watch,4.3,35,2024-01-26
U40,114868,watch,2.5,47,2024-08-11
U40,66732,watch,4.6,79,2024-10-02
U40,1399,watch,4.0,69,2024-02-02
U40,240459,like,4.2,94,2024-05-30
U40,225171,watch,4.3,82,2024-07-30
U40,456,watch,3.5,27,2024-07-16
U40,279601,watch,2.9,75,2024-01-05
U40,1416,watch,4.5,29,2024-07-20
U40,200875,watch,3.0,70,2024-02-04
U40,34307,watch,4.0,32,2024-06-27
U40,1396,watch,4.7,31,2024-10-26
U40,1405,watch,4.8,78,2024-07-30
U40,79744,watch,4.8,31,2024-04-16
U41,1622,like,5.0,86,2024-06-20
U41,34307,watch,3.1,66,2024-02-16
U41,200875,watch,3.5,30,2024-02-02
U41,1405,watch,3.9,74,2024-09-10
U41,456,watch,2.9,36,2024-09-05
U41,114868,like,4.7,99,2024-06-08
U41,549,watch,3.6,78,2024-06-03
U41,1396,like,4.5,83,2024-07-02
U41,79744,watch,4.6,84,2024-01-19
U41,1416,watch,4.7,77,2024-03-08
U41,1434,watch,2.8,43,2024-02-27
U41,279601,watch,5.0,58,2024-08-09
U41,240459,watch,3.9,33,2024-09-21
U41,2734,like,5.0,82,2024-10-07
U41,4614,watch,2.5,27,2024-07-20
U41,1399,like,4.5,98,2024-02-27
U41,210318,watch,4.5,98,2024-03-26
U41,1408,watch,3.9,68,2024-05-17
U41,225171,watch,3.7,80,2024-01-20
U41,66732,watch,4.0,77,2024-07-02
U42,4614,watch,2.9,60,2024-10-10
U42,1399,watch,2.8,62,2024-01-27
U42,279601,watch,3.7,55,2024-08-26
U42,66732,watch,5.0,35,2024-02-25
U42,114868,watch,4.5,33,2024-06-14
U42,1396,watch,4.5,39,2024-01-15
U42,200875,watch,3.3,70,2024-09-14
U42,456,watch,4.9,99,2024-09-02
U42,210318,watch,3.4,56,2024-08-12
U42,240459,watch,3.9,36,2024-01-25
U42,225171,watch,3.4,77,2024-01-19
U42,1408,watch,4.1,36,2024-09-06
U42,1416,watch,2.6,62,2024-08-15
U42,34307,like,4.1,93,2024-06-11
U42,2734,watch,4.3,91,2024-02-01
U42,1405,watch,3.8,39,2024-02-13
U43,200875,like,4.6,94,2024-02-14
U43,1405,watch,3.7,32,2024-02-05
U43,210318,like,4.3,87,2024-04-22
U43,1434,like,4.4,92,2024-10-13
U43,1622,watch,4.1,70,2024-09-04
U44,279601,watch,4.6,96,2024-04-01
U44,1416,like,4.2,87,2024-01-05
U44,79744,watch,2.8,35,2024-02-08
U44,1396,like,4.8,93,2024-08-18
U44,210318,watch,2.7,44,2024-08-15
U44,1405,watch,4.6,29,2024-04-05
U44,200875,watch,4.2,34,2024-01-11
U44,2734,like,4.9,87,2024-01-23
U44,114868,watch,2.9,31,2024-07-17
U44,1434,like,4.5,94,2024-03-19
U44,1399,watch,4.7,40,2024-08-13
U45,4614,watch,2.5,28,2024-09-15
U45,114868,watch,4.7,20,2024-08-13
U45,549,like,4.9,94,2024-02-18
U45,1396,watch,4.2,23,2024-06-05
U45,1408,like,4.4,96,2024-03-27
U45,66732,watch,2.9,33,2024-06-10
U45,200875,watch,4.6,51,2024-09-24
U45,1622,watch,3.7,68,2024-09-15
U45,34307,watch,4.8,48,2024-06-22
U45,240459,watch,3.9,67,2024-05-30
U45,79744,watch,3.2,64,2024-08-05
U45,279601,watch,4.7,98,2024-06-09
U45,2734,watch,3.4,60,2024-09-07
U45,1405,watch,3.8,60,2024-06-01
U45,1399,watch,4.6,52,2024-10-06
U45,225171,like,4.3,91,2024-09-01
U46,1622,watch,4.8,24,2024-04-22
U46,456,watch,4.6,68,2024-04-29
U46,210318,watch,4.1,83,2024-06-27
U46,549,like,4.8,99,2024-05-17
U46,79744,watch,5.0,92,2024-04-13
U46,1408,watch,4.4,33,2024-02-07
U46,66732,watch,4.3,26,2024-03-11
U47,279601,watch,4.6,93,2024-03-26
U47,1416,watch,3.9,62,2024-06-12
U47,66732,watch,2.9,63,2024-03-04
U47,4614,like,4.2,88,2024-03-17
U47,34307,watch,4.6,77,2024-01-17
U47,2734,like,4.9,88,2024-08-09
U47,1408,watch,4.0,66,2024-05-13
U47,1622,watch,4.6,82,2024-02-16
U47,210318,watch,3.7,79,2024-07-30
U47,200875,watch,4.2,93,2024-10-17
U47,79744,watch,3.9,41,2024-10-06
U47,549,watch,4.4,54,2024-09-12
U48,549,watch,3.9,49,2024-06-26
U48,1434,watch,2.5,31,2024-10-08
U48,1405,watch,3.9,80,2024-07-19
U48,66732,watch,3.4,61,2024-03-19
U48,4614,watch,3.1,52,2024-06-28
U48,240459,watch,4.7,79,2024-04-07
U48,114868,watch,3.7,75,2024-09-10
U48,210318,watch,4.9,96,2024-09-19
U48,1399,watch,3.6,43,2024-08-23
U48,1622,like,4.8,90,2024-08-30
U48,2734,watch,2.6,63,2024-05-23
U48,34307,watch,3.7,37,2024-08-04
U48,79744,watch,3.7,54,2024-04-10
U48,1408,watch,4.8,97,2024-08-21
U49,114868,watch,3.7,54,2024-04-27
U49,2734,watch,3.8,48,2024-07-03
U49,549,watch,4.3,72,2024-02-11
U49,1416,watch,3.8,23,2024-07-21
U49,34307,watch,4.1,48,2024-04-13
U49,1408,watch,4.6,68,2024-04-08
U49,1396,watch,3.3,45,2024-09-23
U49,79744,watch,4.2,50,2024-07-29
U49,1434,watch,4.0,26,2024-05-06
U49,225171,watch,4.7,45,2024-09-28
U49,279601,watch,4.0,60,2024-01-26
U49,210318,watch,4.1,94,2024-09-28
U50,225171,watch,2.6,58,2024-05-21
U50,79744,watch,4.8,74,2024-04-25
U50,279601,watch,3.6,63,2024-08-23
U50,1408,watch,4.1,61,2024-10-21
U50,1434,watch,2.7,24,2024-01-12
U50,114868,watch,2.5,27,2024-01-30
U50,210318,watch,3.9,65,2024-04-24
U50,200875,watch,2.6,31,2024-08-27
U50,34307,watch,4.3,26,2024-10-13
U50,2734,watch,3.1,26,2024-07-27
